{"options":{},"indexes":[{"v":2,"key":{"_id":1},"name":"_id_","ns":"f8app_initial._Installation"},{"v":2,"key":{"badge":1,"_created_at":1},"name":"badge_1__created_at_1","ns":"f8app_initial._Installation","background":true},{"v":2,"key":{"deviceType":1},"name":"deviceType_1","background":true,"ns":"f8app_initial._Installation"},{"v":2,"key":{"_p_user":1,"badge":1,"_created_at":1},"name":"_p_user_1_badge_1__created_at_1","ns":"f8app_initial._Installation","background":true},{"v":2,"key":{"_p_user":1,"deviceType":1},"name":"_p_user_1_deviceType_1","ns":"f8app_initial._Installation","background":true},{"v":2,"key":{"installationId":1},"name":"installationId_1","ns":"f8app_initial._Installation","background":true},{"v":2,"key":{"deviceToken":1,"installationId":1},"name":"_deviceToken_by_installationId","background":true,"ns":"f8app_initial._Installation"}]}