{"options":{},"indexes":[{"v":2,"key":{"_id":1},"name":"_id_","ns":"f8app_initial._Join:mySchedule:_User"},{"v":2,"unique":true,"key":{"owningId":1,"relatedId":-1},"name":"owningId_1_relatedId_-1","ns":"f8app_initial._Join:mySchedule:_User","background":true},{"v":2,"unique":true,"key":{"owningId":1,"relatedId":1},"name":"owningId_1_relatedId_1","background":true,"ns":"f8app_initial._Join:mySchedule:_User"},{"v":2,"key":{"relatedId":1},"name":"relatedId_1","ns":"f8app_initial._Join:mySchedule:_User","background":true}]}