{"options":{},"indexes":[{"v":2,"key":{"_id":1},"name":"_id_","ns":"f8app_initial.Agenda"},{"v":2,"key":{"_created_at":-1},"name":"_created_at_-1","ns":"f8app_initial.Agenda","background":true},{"v":2,"key":{"_id":1,"_created_at":-1},"name":"_id_1__created_at_-1","ns":"f8app_initial.Agenda","background":true},{"v":2,"key":{"_rperm":1,"startTime":1},"name":"_rperm_1_startTime_1","background":true,"ns":"f8app_initial.Agenda"},{"v":2,"key":{"sessionSlug":1},"name":"sessionSlug_1","ns":"f8app_initial.Agenda","background":true}]}